2016-11-15 08:19:00,x,58.0,v1.0
2016-11-15 08:19:15,x,104.0,v1.0
2016-11-15 08:19:24,x,174.20600000000002,v1.0
2016-11-15 08:20:04,x,209.70600000000002,v1.0
2016-11-15 08:20:09,x,264.206,v1.0
2016-11-15 08:20:12,x,334.20799999999997,v1.0
2016-11-15 08:20:22,x,407.0374,v1.0
2016-11-15 08:20:24,x,505.54139999999995,v1.0
2016-11-15 08:21:40,x,547.0414,v1.0
2016-11-15 08:21:55,x,627.5473999999999,v1.0
2016-11-15 08:22:14,y,327.04740000000004,v1.0
2016-11-15 08:22:24,x,379.0474,v1.0
2016-11-15 08:22:36,x,414.5694,v1.0
2016-11-15 08:25:13,x,571.1295416,v1.0
2016-11-15 08:25:54,x,590.1517821663999,v1.0
2016-11-15 08:26:45,x,609.6957680064,v1.0
2016-11-15 08:27:34,x,672.7853552624,v1.0
2016-11-15 08:28:08,x,725.3256384624,v1.0
2016-11-15 08:28:11,x,781.0062669928001,v1.0
2016-11-15 08:29:06,x,850.0062669928,v1.0
2016-11-15 08:29:43,x,925.2087591115168,v1.0
2016-11-15 08:29:47,x,980.2087591115168,v1.0
2016-11-15 08:30:36,y,634.2087591115168,v1.0
2016-11-15 08:30:54,x,673.7087591115168,v1.0
2016-11-15 08:31:13,x,715.2107591115167,v1.0
2016-11-15 08:31:17,x,762.4132512302336,v1.0
2016-11-15 08:31:31,x,791.9132512302335,v1.0
2016-11-15 08:31:33,x,824.2258169075935,v1.0
2016-11-15 08:32:17,x,830.2071260172175,v1.0
2016-11-15 08:32:22,x,884.8903042158792,v1.0
2016-11-15 08:32:26,x,933.3963042158791,v1.0
2016-11-15 08:32:46,x,978.8963042158791,v1.0
2016-11-15 08:33:03,x,1002.8963042158791,v1.0
2016-11-15 08:33:10,x,1054.896304215879,v1.0
2016-11-15 08:33:45,x,1095.3111645946744,v1.0
2016-11-15 08:33:57,x,1150.8001596737645,v1.0
2016-11-15 08:34:00,x,1239.9735340146806,v1.0
2016-11-15 08:34:11,x,1304.1205603739897,v1.0
2016-11-15 08:34:15,x,1404.7443188977168,v1.0
2016-11-15 08:34:22,x,1456.1943188977166,v1.0
2016-11-15 08:34:29,x,1566.6943188977166,v1.0
2016-11-15 08:34:50,x,1633.8443188977167,v1.0
2016-11-15 08:35:00,x,1705.800355804541,v1.0
2016-11-15 08:35:19,x,1737.060789020683,v1.0
2016-11-15 08:35:27,x,1787.1451789152106,v1.0
2016-11-15 08:35:29,x,1848.0760648066018,v1.0
2016-11-15 08:36:06,x,1878.5836648066017,v1.0
2016-11-15 08:36:09,x,1934.0096157116766,v1.0
2016-11-15 08:36:11,x,2005.792971526244,v1.0
2016-11-15 08:36:12,x,2006.1999715262439,v1.0
2016-11-15 08:36:42,x,2026.3218173313812,v1.0
2016-11-15 08:36:44,y,1821.6881173313811,v1.0
2016-11-15 08:36:54,x,1848.1809529839784,v1.0
2016-11-15 08:37:02,x,1910.5245050713154,v1.0
2016-11-15 08:37:12,x,1931.8277693210273,v1.0
2016-11-15 08:37:30,x,1979.0369661996308,v1.0
2016-11-15 08:37:49,x,2025.5063729367416,v1.0
2016-11-15 08:38:16,x,2040.5063729367416,v1.0
2016-11-15 08:38:25,x,2082.356053961482,v1.0
2016-11-15 08:38:32,x,2174.8560539614823,v1.0
2016-11-15 08:38:40,x,2199.656053961482,v1.0
2016-11-15 08:38:43,x,2232.656053961482,v1.0
2016-11-15 08:40:36,x,2264.3125228738527,v1.0
2016-11-15 08:42:39,x,2357.4008000645954,v1.0
2016-11-15 08:42:49,x,2429.561622085729,v1.0
2016-11-15 08:43:13,x,2486.0410715573976,v1.0
2016-11-15 08:43:21,x,2552.819704408507,v1.0
2016-11-15 08:43:31,x,2568.2012089330083,v1.0
2016-11-15 08:43:39,x,2618.7060064443626,v1.0
2016-11-15 08:44:01,x,2681.7108039557165,v1.0
2016-11-15 08:44:08,x,2770.004158027768,v1.0
2016-11-15 08:44:44,x,2841.718176692614,v1.0
2016-11-15 08:44:46,x,2911.3607934909764,v1.0
2016-11-15 08:46:11,x,2963.439148609502,v1.0
2016-11-15 08:46:33,x,2950.6183278252356,v1.0
2016-11-15 08:46:38,x,2993.976686256701,v1.0
2016-11-15 08:46:50,y,2752.4766862567017,v1.0
2016-11-15 08:47:19,y,2445.9806862567016,v1.0
2016-11-15 08:47:25,y,2227.8156862567016,v1.0
2016-11-15 08:47:43,x,2295.8362058633747,v1.0
2016-11-15 08:48:31,x,2354.0520403098726,v1.0
2016-11-15 08:50:53,x,2426.020507955878,v1.0
2016-11-15 08:50:58,x,2436.4421288372837,v1.0
2016-11-15 08:51:00,x,2474.3215876305485,v1.0
2016-11-15 08:51:12,x,2572.633506572967,v1.0
2016-11-15 08:52:42,x,2676.9750194869052,v1.0
2016-11-15 08:52:48,x,2726.7823811094495,v1.0
2016-11-15 08:54:03,x,2823.2843811094494,v1.0
2016-11-15 08:54:08,x,2838.5610065697397,v1.0
2016-11-15 08:54:45,x,2886.3099694840007,v1.0
2016-11-15 08:57:18,x,2932.8099694840007,v1.0
2016-11-15 08:57:27,x,2974.711130686462,v1.0
2016-11-15 08:57:36,x,3034.919454597717,v1.0
2016-11-15 08:57:49,x,3074.416313848983,v1.0
2016-11-15 08:58:49,x,3197.879264418961,v1.0
2016-11-15 08:58:58,x,3228.379264418961,v1.0
2016-11-15 08:59:09,x,3269.979264418961,v1.0
2016-11-15 08:59:59,x,3327.4811416767434,v1.0
2016-11-15 09:00:02,x,3394.6639573450157,v1.0
2016-11-15 09:00:20,y,3139.1639573450157,v1.0
2016-11-15 09:00:25,x,3172.1639573450157,v1.0
2016-11-15 09:00:53,x,3265.288338042724,v1.0
2016-11-15 09:01:16,x,3338.350280670661,v1.0
2016-11-15 09:03:42,x,3420.350280670661,v1.0
2016-11-15 09:04:20,x,3481.806280670661,v1.0
2016-11-15 09:04:29,x,3540.949587589578,v1.0
2016-11-15 09:05:25,x,3633.455335954722,v1.0
2016-11-15 09:05:56,x,3682.459335954722,v1.0
2016-11-15 09:06:05,x,3781.148646670281,v1.0
2016-11-15 09:06:07,x,3830.6038201989104,v1.0
2016-11-15 09:06:50,x,3869.5134763746764,v1.0
2016-11-15 09:07:00,x,3931.0134763746764,v1.0
2016-11-15 09:07:41,x,3971.454419156248,v1.0
2016-11-15 09:07:53,y,3589.858819156248,v1.0
2016-11-15 09:08:46,x,3676.6334154362808,v1.0
2016-11-15 09:09:24,x,3754.6747811561477,v1.0
2016-11-15 09:09:32,x,3784.7677812361903,v1.0
2016-11-15 09:09:36,x,3857.0816185981107,v1.0
2016-11-15 09:10:31,x,3918.0340594105865,v1.0
2016-11-15 09:10:54,x,3955.3170531443625,v1.0
2016-11-15 09:11:09,x,3987.004201718446,v1.0
2016-11-15 09:11:12,x,4011.661273973045,v1.0
2016-11-15 09:11:16,x,4026.1110739730448,v1.0
2016-11-15 09:11:19,x,4076.6110739730443,v1.0
2016-11-15 09:11:26,x,4096.911073973044,v1.0
2016-11-15 09:11:52,x,4154.604165996356,v1.0
2016-11-15 09:15:14,x,4272.768986256504,v1.0
2016-11-15 09:15:49,x,4321.541042083311,v1.0
2016-11-15 09:15:57,x,4346.135892327438,v1.0
2016-11-15 09:17:28,x,4355.063194325509,v1.0
2016-11-15 09:17:31,x,4424.9985595452235,v1.0
2016-11-15 09:18:09,x,4428.015054635588,v1.0
2016-11-15 09:18:22,x,4515.981620927991,v1.0
2016-11-15 09:18:25,x,4578.293778717594,v1.0
2016-11-15 09:19:11,x,4656.585607415337,v1.0
2016-11-15 09:19:18,x,4731.248253243306,v1.0
2016-11-15 09:19:27,x,4783.201309639214,v1.0
2016-11-15 09:19:31,x,4856.201309639213,v1.0
2016-11-15 09:20:25,x,4938.106129639214,v1.0
2016-11-15 09:20:45,x,4949.362226219321,v1.0
2016-11-15 09:21:13,x,5043.250270139321,v1.0
2016-11-15 09:21:49,x,5105.296651384492,v1.0
2016-11-15 09:22:05,x,5193.543654106744,v1.0
2016-11-15 09:22:27,x,5269.485397227399,v1.0
2016-11-15 09:22:45,x,5331.013850116978,v1.0
2016-11-15 09:23:00,x,5373.265581425057,v1.0
2016-11-15 09:23:09,x,5427.960304944688,v1.0
2016-11-15 09:23:30,y,5100.047927685577,v1.0
2016-11-15 09:23:51,x,5167.623178853246,v1.0
2016-11-15 09:26:10,x,5310.795624272861,v1.0
2016-11-15 09:26:51,x,5335.295624272861,v1.0
2016-11-15 09:27:14,x,5443.295624272861,v1.0
2016-11-15 09:27:31,y,5225.1182061887885,v1.0
2016-11-15 09:28:04,x,5268.567806188789,v1.0
2016-11-15 09:28:10,x,5300.567806188788,v1.0
2016-11-15 09:28:29,x,5349.035532239691,v1.0
2016-11-15 09:28:31,x,5470.6559095357425,v1.0
2016-11-15 09:30:37,x,5541.155909535741,v1.0
2016-11-15 09:30:43,x,5624.5193441758365,v1.0
2016-11-15 09:30:52,x,5663.390297621647,v1.0
2016-11-15 09:31:03,x,5709.340297621648,v1.0
2016-11-15 09:31:29,x,5757.97589934984,v1.0
2016-11-15 09:31:40,x,5803.066182321879,v1.0
2016-11-15 09:32:09,x,5850.566182321878,v1.0
2016-11-15 09:32:11,x,5898.223123498109,v1.0
2016-11-15 09:32:31,x,5918.006981599337,v1.0
2016-11-15 09:32:34,x,5956.712453890445,v1.0
2016-11-15 09:32:36,x,6006.662453890445,v1.0
2016-11-15 09:32:48,x,6027.797378952441,v1.0
2016-11-15 09:33:04,x,6069.368811508237,v1.0
2016-11-15 09:33:14,x,6108.55023993623,v1.0
2016-11-15 09:33:18,x,6133.064529236446,v1.0
2016-11-15 09:34:42,x,6219.8784892364465,v1.0
2016-11-15 09:34:52,x,6257.341349606642,v1.0
2016-11-15 09:36:55,x,6284.291349606641,v1.0
2016-11-15 09:36:58,x,6352.949647807615,v1.0
2016-11-15 09:37:00,x,6393.36622214079,v1.0
2016-11-15 09:37:19,y,5974.316222140792,v1.0
2016-11-15 09:37:30,x,6024.624836819468,v1.0
2016-11-15 09:37:36,x,6036.999753719327,v1.0
2016-11-15 09:37:53,x,6073.0037537193275,v1.0
2016-11-15 09:38:03,x,6125.8411789291995,v1.0
2016-11-15 09:38:43,x,6254.6527514383115,v1.0
2016-11-15 09:38:48,x,6268.207844896975,v1.0
2016-11-15 09:39:06,x,6350.406018239994,v1.0
2016-11-15 09:39:19,x,6399.53437424871,v1.0
2016-11-15 09:39:36,x,6467.5403742487115,v1.0
2016-11-15 09:39:56,x,6555.605894656556,v1.0
2016-11-15 09:40:03,x,6619.074581587934,v1.0
2016-11-15 09:41:50,x,6698.583549954993,v1.0
2016-11-15 09:42:01,x,6744.0416214853485,v1.0
2016-11-15 09:42:09,x,6775.991621485348,v1.0
2016-11-15 09:42:26,x,6783.42349507371,v1.0
2016-11-15 09:43:25,x,6805.92349507371,v1.0
2016-11-15 09:43:37,x,6842.063763263219,v1.0
2016-11-15 09:43:46,x,6891.501640139875,v1.0
2016-11-15 09:44:06,x,6937.501640139877,v1.0
2016-11-15 09:44:12,x,6979.621640139875,v1.0
2016-11-15 09:44:32,x,7044.921240139876,v1.0
2016-11-15 09:45:11,x,7087.901051641731,v1.0
2016-11-15 09:45:35,x,7149.6803348688645,v1.0
2016-11-15 09:45:43,x,7218.759146127786,v1.0
2016-11-15 09:46:08,x,7280.828468249154,v1.0
2016-11-15 09:47:46,x,7366.328468249154,v1.0
2016-11-15 09:47:52,x,7429.128468249154,v1.0
2016-11-15 09:48:14,x,7496.043883572731,v1.0
2016-11-15 09:48:55,x,7541.245238477151,v1.0
2016-11-15 09:49:00,x,7622.37645789113,v1.0
2016-11-15 09:49:13,x,7626.168097644017,v1.0
2016-11-15 09:49:16,x,7682.122575622081,v1.0
2016-11-15 09:49:31,x,7706.622575622081,v1.0
2016-11-15 09:49:58,x,7748.452109230081,v1.0
2016-11-15 09:50:18,x,7809.40210923008,v1.0
2016-11-15 09:50:40,x,7876.867353734053,v1.0
2016-11-15 09:50:47,x,7911.011317797879,v1.0
2016-11-15 09:51:02,x,7940.433967472653,v1.0
2016-11-15 09:51:06,x,7965.264352179949,v1.0
2016-11-15 09:51:39,x,7994.011698416517,v1.0
2016-11-15 09:51:46,x,8025.684310029427,v1.0
2016-11-15 09:52:24,x,8074.789660481046,v1.0
2016-11-15 09:52:37,x,8120.834475887505,v1.0
2016-11-15 09:52:43,x,8181.838475887504,v1.0
2016-11-15 09:52:49,x,8209.838475887504,v1.0
2016-11-15 09:52:59,x,8268.836809753317,v1.0
2016-11-15 09:53:11,x,8333.777310232548,v1.0
2016-11-15 09:53:22,x,8423.673760663854,v1.0
2016-11-15 09:53:56,x,8484.538566052033,v1.0
2016-11-15 09:54:04,x,8500.86689090139,v1.0
2016-11-15 09:54:54,x,8604.654383265814,v1.0
2016-11-15 09:55:04,x,8638.990913323176,v1.0
2016-11-15 09:56:19,x,8672.290913323177,v1.0
2016-11-15 09:57:24,x,8725.290913323177,v1.0
2016-11-15 09:57:30,x,8742.645913323177,v1.0
2016-11-15 09:57:37,x,8773.40465645116,v1.0
2016-11-15 09:57:43,x,8822.13752526634,v1.0
2016-11-15 09:58:01,x,8858.347107200005,v1.0
2016-11-15 09:58:04,x,8899.847107200005,v1.0
2016-11-15 09:59:52,x,9003.035730940303,v1.0
2016-11-15 10:00:00,x,9036.808569121698,v1.0
2016-11-15 10:00:07,x,9135.1085691217,v1.0
2016-11-15 10:00:59,x,9179.786330487968,v1.0
2016-11-15 10:01:12,x,9224.039077490053,v1.0
2016-11-15 10:01:14,x,9246.00610315854,v1.0
2016-11-15 10:02:00,x,9290.598013687972,v1.0
2016-11-15 10:02:03,x,9341.453898613545,v1.0
2016-11-15 10:03:26,x,9382.453898613547,v1.0
2016-11-15 10:04:42,x,9407.136462613544,v1.0
2016-11-15 10:05:24,x,9477.636462613546,v1.0
2016-11-15 10:05:38,x,9558.493102613545,v1.0
2016-11-15 10:06:36,x,9641.553057559131,v1.0
2016-11-15 10:08:58,x,9641.55305755913,v1.0
2016-11-15 10:09:05,x,9682.07257703562,v1.0
2016-11-15 10:09:40,x,9736.321350517106,v1.0
2016-11-15 10:10:01,x,9809.787118045948,v1.0
2016-11-15 10:10:10,x,9897.795709283611,v1.0
2016-11-15 10:10:28,x,9950.21490005957,v1.0
2016-11-15 10:10:57,x,9988.60737175793,v1.0
2016-11-15 10:11:22,y,9701.72737175793,v1.0
2016-11-15 10:11:30,x,9791.565396286454,v1.0
2016-11-15 10:11:33,x,9843.369618362129,v1.0
2016-11-15 10:11:51,x,9926.643418230233,v1.0
2016-11-15 10:12:05,x,9981.889838111527,v1.0
2016-11-15 10:13:31,x,10058.858283746096,v1.0
2016-11-15 10:13:34,x,10068.096061639264,v1.0
2016-11-15 10:13:47,x,10115.172662758689,v1.0
2016-11-15 10:14:03,x,10150.37066286254,v1.0
2016-11-15 10:14:07,x,10180.048862956,v1.0
2016-11-15 10:14:15,x,10221.661926463728,v1.0
2016-11-15 10:14:22,x,10246.731926463728,v1.0
2016-11-15 10:14:33,x,10321.400306547846,v1.0
2016-11-15 10:15:05,y,9970.910306547845,v1.0
2016-11-15 10:15:22,x,10021.10456486482,v1.0
2016-11-15 10:15:47,x,10112.959564864817,v1.0
2016-11-15 10:16:09,x,10151.031208501552,v1.0
2016-11-15 10:17:41,y,9789.531208501552,v1.0
2016-11-15 10:17:50,x,9844.174750577256,v1.0
2016-11-15 10:18:42,x,9879.8298275866,v1.0
2016-11-15 10:21:35,x,9939.795827586602,v1.0
2016-11-15 10:21:51,x,9987.425015454735,v1.0
2016-11-15 10:21:58,x,10029.925015454739,v1.0
2016-11-15 10:22:11,x,10054.541284536059,v1.0
2016-11-15 10:22:17,x,10115.82454178835,v1.0
2016-11-15 10:22:45,x,10122.66972904345,v1.0
2016-11-15 10:23:01,x,10157.28237121664,v1.0
2016-11-15 10:23:28,x,10174.591371216637,v1.0
2016-11-15 10:24:32,x,10227.969808699569,v1.0
2016-11-15 10:24:59,x,10279.983342907148,v1.0
2016-11-15 10:26:17,x,10349.937523693967,v1.0
2016-11-15 10:27:01,x,10448.846286402104,v1.0
2016-11-15 10:27:21,x,10515.214172839429,v1.0
2016-11-15 10:28:14,x,10553.908528927685,v1.0
2016-11-15 10:29:24,x,10600.444350746053,v1.0
2016-11-15 10:29:47,x,10686.775448539642,v1.0
2016-11-15 10:29:51,x,10717.308973125278,v1.0
2016-11-15 10:30:58,x,10830.60696113951,v1.0
2016-11-15 10:31:17,x,10882.108961139511,v1.0
2016-11-15 10:31:31,x,10972.558201139509,v1.0
2016-11-15 10:32:12,x,11034.4066565596,v1.0
2016-11-15 10:32:16,x,11054.856656559597,v1.0
2016-11-15 10:32:38,x,11085.620972566887,v1.0
2016-11-15 10:33:41,x,11155.196416203617,v1.0
2016-11-15 10:34:22,x,11166.151807191442,v1.0
2016-11-15 10:35:05,x,11262.221447191438,v1.0
2016-11-15 10:35:27,x,11348.997636404247,v1.0
2016-11-15 10:36:03,x,11401.87046406158,v1.0
2016-11-15 10:36:34,x,11443.855672979098,v1.0
2016-11-15 10:37:30,y,11194.127271778636,v1.0
2016-11-15 10:38:36,x,11287.877092121942,v1.0
2016-11-15 10:39:14,x,11346.567469310281,v1.0
2016-11-15 10:39:42,x,11385.328978063637,v1.0
2016-11-15 10:40:36,x,11444.836978063637,v1.0
2016-11-15 10:40:49,x,11475.085548355166,v1.0
2016-11-15 10:41:18,x,11508.301261617538,v1.0
2016-11-15 10:42:11,x,11544.476822580156,v1.0
2016-11-15 10:42:31,x,11587.170964516295,v1.0
2016-11-15 10:42:39,x,11607.345692258818,v1.0
2016-11-15 10:43:01,x,11632.042155287452,v1.0
2016-11-15 10:43:41,x,11673.556462887453,v1.0
2016-11-15 10:43:49,x,11722.556462887453,v1.0
2016-11-15 10:44:03,x,11764.213717855728,v1.0
2016-11-15 10:44:07,x,11821.32694143288,v1.0
2016-11-15 10:44:48,x,11865.58152168008,v1.0
2016-11-15 10:44:51,x,11917.08352168008,v1.0
2016-11-15 10:45:01,x,11942.621728793813,v1.0
2016-11-15 10:45:45,x,11991.62172879381,v1.0
2016-11-15 10:45:56,x,12037.42372879381,v1.0
2016-11-15 10:46:14,x,12088.400115196167,v1.0
2016-11-15 10:46:18,x,12148.344862958285,v1.0
2016-11-15 10:50:01,x,12186.729135944195,v1.0
2016-11-15 10:51:09,x,12238.574981631513,v1.0
2016-11-15 10:51:29,x,12275.887858471515,v1.0
2016-11-15 10:51:37,x,12322.7071195901,v1.0
2016-11-15 10:52:22,x,12425.756286519012,v1.0
2016-11-15 10:52:30,x,12469.03562152574,v1.0
2016-11-15 10:52:42,x,12514.387737172829,v1.0
2016-11-15 10:52:56,x,12573.341137111896,v1.0
2016-11-15 10:54:59,x,12628.092538617948,v1.0
2016-11-15 10:55:09,x,12668.318799973398,v1.0
2016-11-15 10:55:28,x,12706.563775973398,v1.0
2016-11-15 10:55:33,x,12710.863775973401,v1.0
2016-11-15 10:56:03,y,12269.768775973398,v1.0
2016-11-15 10:56:32,x,12308.9876111933,v1.0
2016-11-15 10:58:07,x,12364.169362891218,v1.0
2016-11-15 10:58:37,x,12402.832939419337,v1.0
2016-11-15 10:59:01,x,12434.764796576543,v1.0
2016-11-15 11:00:11,x,12480.92721545185,v1.0
2016-11-15 11:00:21,x,12519.073392439628,v1.0
2016-11-15 11:00:35,x,12513.69775172863,v1.0
2016-11-15 11:02:23,x,12559.56726772863,v1.0
2016-11-15 11:02:27,x,12605.116379315057,v1.0
2016-11-15 11:03:00,x,12748.721102675157,v1.0
2016-11-15 11:03:25,x,12797.620752263283,v1.0
2016-11-15 11:03:33,x,12840.433428263283,v1.0
2016-11-15 11:03:38,x,12895.542879287374,v1.0
2016-11-15 11:04:08,x,12938.500879287372,v1.0
2016-11-15 11:05:36,y,12512.640376953306,v1.0
2016-11-15 11:05:50,x,12550.440376953304,v1.0
2016-11-15 11:06:05,x,12633.890376953306,v1.0
2016-11-15 11:06:20,x,12676.169524441788,v1.0
2016-11-15 11:06:34,x,12705.75283036347,v1.0
2016-11-15 11:06:54,x,12751.82463036347,v1.0
2016-11-15 11:07:34,x,12810.430005692984,v1.0
2016-11-15 11:07:56,x,12846.500443489547,v1.0
2016-11-15 11:08:02,x,12872.058437506454,v1.0
2016-11-15 11:08:09,x,12971.100193198625,v1.0
2016-11-15 11:08:40,x,13037.102680064883,v1.0
2016-11-15 11:09:11,y,12712.280896352377,v1.0
2016-11-15 11:09:15,x,12775.20835019809,v1.0
2016-11-15 11:09:20,x,12807.06842019809,v1.0
2016-11-15 11:09:30,y,12483.620968502433,v1.0
2016-11-15 11:13:22,x,12516.300917233055,v1.0
2016-11-15 11:13:52,x,12527.750917233057,v1.0
2016-11-15 11:14:20,x,12574.312871090615,v1.0
2016-11-15 11:14:53,x,12635.783829562422,v1.0
2016-11-15 11:14:56,x,12658.78382956242,v1.0
2016-11-15 11:15:21,x,12689.453964044518,v1.0
2016-11-15 11:15:34,x,12765.860943183885,v1.0
2016-11-15 11:16:06,x,12803.019605808506,v1.0
2016-11-15 11:17:30,x,12830.889805808507,v1.0
2016-11-15 11:19:54,x,12860.556755868669,v1.0
2016-11-15 11:20:07,y,12429.59675586867,v1.0
2016-11-15 11:22:33,x,12501.443162265474,v1.0
2016-11-15 11:22:43,x,12556.258162265472,v1.0
2016-11-15 11:23:04,x,12644.530958627634,v1.0
2016-11-15 11:23:38,x,12772.22647535358,v1.0
2016-11-15 11:24:23,x,12815.726475353578,v1.0
2016-11-15 11:26:59,x,12917.852440406932,v1.0
2016-11-15 11:27:09,x,12955.415808954946,v1.0
2016-11-15 11:27:23,x,12985.422840648162,v1.0
2016-11-15 11:27:30,x,13020.643984630437,v1.0
2016-11-15 11:28:04,x,13078.443984630438,v1.0
2016-11-15 11:29:01,x,13145.900313154329,v1.0
2016-11-15 11:30:28,x,13205.311008825833,v1.0
2016-11-15 11:30:36,x,13221.311008825833,v1.0
2016-11-15 11:30:40,x,13290.996775158836,v1.0
2016-11-15 11:30:48,x,13339.311395158833,v1.0
2016-11-15 11:31:02,y,13044.47674760787,v1.0
2016-11-15 11:31:28,x,13139.098938068366,v1.0
2016-11-15 11:31:50,x,13192.255732727343,v1.0
2016-11-15 11:32:17,x,13367.140558831694,v1.0
2016-11-15 11:32:58,x,13452.971702325614,v1.0
2016-11-15 11:33:06,x,13492.419613275082,v1.0
2016-11-15 11:33:19,x,13515.450771275086,v1.0
2016-11-15 11:33:41,x,13543.74880041961,v1.0
2016-11-15 11:33:50,x,13559.517026649684,v1.0
2016-11-15 11:34:40,x,13607.36500202929,v1.0
2016-11-15 11:34:48,x,13656.865002029292,v1.0
2016-11-15 11:35:39,x,13670.007722994307,v1.0
2016-11-15 11:35:51,x,13704.362383000402,v1.0
2016-11-15 11:37:55,x,13773.103786607466,v1.0
2016-11-15 11:38:20,x,13787.497086895868,v1.0
2016-11-15 11:38:42,x,13805.214350142225,v1.0
2016-11-15 11:38:48,x,13864.834350142226,v1.0
2016-11-15 11:39:21,x,13919.954350142225,v1.0
2016-11-15 11:39:52,x,13999.526065040392,v1.0
2016-11-15 11:41:07,x,14079.478521766865,v1.0
2016-11-15 11:41:17,x,14106.436521766867,v1.0
2016-11-15 11:42:04,x,14103.942521766865,v1.0
2016-11-15 11:42:17,x,14176.172563966866,v1.0
2016-11-15 11:43:07,x,14235.211463529491,v1.0
2016-11-15 11:43:14,x,14246.907000451216,v1.0
2016-11-15 11:44:26,x,14297.004612451217,v1.0
2016-11-15 11:44:40,x,14301.180595680768,v1.0
2016-11-15 11:44:43,x,14355.838980587363,v1.0
2016-11-15 11:45:45,x,14429.981527003301,v1.0
2016-11-15 11:46:17,x,14518.528378425677,v1.0
2016-11-15 11:46:34,x,14587.986378425678,v1.0
2016-11-15 11:46:56,x,14640.963736884916,v1.0
2016-11-15 11:47:21,x,14672.913736884917,v1.0
2016-11-15 11:50:44,x,14707.964215284917,v1.0
2016-11-15 11:51:17,x,14762.489067359147,v1.0
2016-11-15 11:51:29,x,14826.071203869593,v1.0
2016-11-15 11:51:35,x,14858.664038962452,v1.0
2016-11-15 11:51:45,x,14902.16403896245,v1.0
2016-11-15 11:51:57,x,14943.383538962451,v1.0
2016-11-15 11:52:06,x,14974.039342736793,v1.0
2016-11-15 11:52:19,x,15017.652054133703,v1.0
2016-11-15 11:52:28,x,15067.344190072563,v1.0
2016-11-15 11:52:40,x,15109.607571936695,v1.0
2016-11-15 11:52:46,x,15145.139798600027,v1.0
2016-11-15 11:52:55,x,15199.40947119443,v1.0
2016-11-15 11:56:54,x,15264.764167931988,v1.0
2016-11-15 11:57:11,x,15302.118441284803,v1.0
2016-11-15 11:57:15,x,15359.915180348604,v1.0
2016-11-15 12:00:09,x,15449.663057495949,v1.0
2016-11-15 12:00:14,x,15478.663057495949,v1.0
2016-11-15 12:00:59,x,15457.11755471969,v1.0
2016-11-15 12:01:07,x,15519.977228132488,v1.0
2016-11-15 12:01:34,x,15626.106987141084,v1.0
2016-11-15 12:02:40,x,15634.667798252405,v1.0
2016-11-15 12:03:01,x,15669.979998252405,v1.0
2016-11-15 12:04:26,x,15727.836998252405,v1.0
2016-11-15 12:04:56,x,15754.286998252406,v1.0
2016-11-15 12:05:03,y,15311.286998252406,v1.0
2016-11-15 12:05:17,x,15382.259226399285,v1.0
2016-11-15 12:05:27,x,15436.476054111483,v1.0
2016-11-15 12:06:04,x,15483.470643980158,v1.0
2016-11-15 12:07:38,x,15616.322456334305,v1.0
2016-11-15 12:08:19,x,15618.881480334307,v1.0
2016-11-15 12:08:37,x,15657.761064541577,v1.0
2016-11-15 12:08:46,x,15702.730622572439,v1.0
2016-11-15 12:11:15,x,15795.972248358983,v1.0
2016-11-15 12:11:37,x,15818.422248358984,v1.0
2016-11-15 12:11:53,x,15868.067223566874,v1.0
2016-11-15 12:14:05,x,15939.738790032163,v1.0
2016-11-15 12:14:27,x,15988.476150399787,v1.0
2016-11-15 12:14:58,x,16057.979116086888,v1.0
2016-11-15 12:16:24,x,16149.979116086888,v1.0
2016-11-15 12:16:47,x,16187.198616086887,v1.0
2016-11-15 12:16:55,x,16216.60128520528,v1.0
2016-11-15 12:18:02,y,15759.178136524068,v1.0
2016-11-15 12:20:05,x,15788.490538730617,v1.0
2016-11-15 12:20:27,x,15865.1116609531,v1.0
2016-11-15 12:22:20,x,15908.673277472688,v1.0
2016-11-15 12:22:26,x,15981.354257472689,v1.0
2016-11-15 12:22:45,x,16052.854257472689,v1.0
2016-11-15 12:22:58,x,16101.385665872689,v1.0
2016-11-15 12:24:18,x,16179.44268765515,v1.0
2016-11-15 12:25:13,x,16228.201361641048,v1.0
2016-11-15 12:26:07,x,16299.856656228354,v1.0
2016-11-15 12:26:45,x,16387.93107234023,v1.0
2016-11-15 12:29:55,x,16428.243272340227,v1.0
2016-11-15 12:30:11,x,16448.243272340227,v1.0
2016-11-15 12:30:46,x,16470.333037468805,v1.0
2016-11-15 12:31:19,x,16523.552212468803,v1.0
2016-11-15 12:31:44,x,16581.583001084524,v1.0
2016-11-15 12:31:56,x,16657.560710838672,v1.0
2016-11-15 12:32:35,x,16734.91771083867,v1.0
2016-11-15 12:32:59,y,16167.847649617403,v1.0
2016-11-15 12:34:08,x,16212.347649617403,v1.0
2016-11-15 12:34:20,x,16287.234594518262,v1.0
2016-11-15 12:35:31,x,16408.297476518263,v1.0
2016-11-15 12:36:00,x,16446.54572692904,v1.0
2016-11-15 12:36:29,x,16515.16915229873,v1.0
2016-11-15 12:37:07,x,16582.680235131458,v1.0
2016-11-15 12:38:23,x,16661.408502691458,v1.0
2016-11-15 12:39:23,x,16751.34598924091,v1.0
2016-11-15 12:40:15,x,16794.917086915408,v1.0
2016-11-15 12:43:16,x,16882.195025847606,v1.0
2016-11-15 12:44:41,x,16982.007225847607,v1.0
2016-11-15 12:44:47,x,17027.323451742115,v1.0
2016-11-15 12:45:41,x,17107.835660477394,v1.0
2016-11-15 12:46:57,x,17143.070263782454,v1.0
2016-11-15 12:47:06,x,17228.296928357006,v1.0
2016-11-15 12:47:16,x,17266.3854048741,v1.0
2016-11-15 12:48:01,x,17313.818043166073,v1.0
2016-11-15 12:49:51,x,17338.61804316608,v1.0
2016-11-15 12:49:56,x,17445.68634316608,v1.0
2016-11-15 12:52:34,x,17480.486343166074,v1.0
2016-11-15 12:53:11,x,17510.798366366078,v1.0
2016-11-15 12:54:07,x,17573.564990861003,v1.0
2016-11-15 12:54:43,y,17221.370990860996,v1.0
2016-11-15 12:55:11,x,17383.327983955296,v1.0
2016-11-15 12:55:47,x,17447.371514530827,v1.0
2016-11-15 12:57:28,x,17527.56436147863,v1.0
2016-11-15 12:57:33,x,17560.3896374779,v1.0
2016-11-15 12:57:51,x,17576.632385877234,v1.0
2016-11-15 12:58:06,x,17644.018622125237,v1.0
2016-11-15 12:58:39,x,17723.66908679184,v1.0
2016-11-15 12:58:53,x,17739.693956068848,v1.0
2016-11-15 12:59:21,x,17783.15054986885,v1.0
2016-11-15 12:59:47,x,17828.73596806879,v1.0
2016-11-15 12:59:53,x,17849.4539480688,v1.0
2016-11-15 13:00:41,x,17894.998833341542,v1.0
2016-11-15 13:02:18,x,17965.90427414554,v1.0
2016-11-15 13:02:35,x,18048.25927414554,v1.0
2016-11-15 13:02:53,x,18093.978638545545,v1.0
2016-11-15 13:03:43,x,18137.95102639822,v1.0
2016-11-15 13:03:57,x,18239.96903529102,v1.0
2016-11-15 13:04:42,x,18299.969035291015,v1.0
2016-11-15 13:05:10,x,18336.39418435842,v1.0
2016-11-15 13:05:33,x,18364.77681851909,v1.0
2016-11-15 13:05:47,x,18407.518324974077,v1.0
2016-11-15 13:05:51,x,18448.362695718675,v1.0
2016-11-15 13:05:55,x,18498.672629388817,v1.0
2016-11-15 13:05:59,x,18532.579667368813,v1.0
2016-11-15 13:06:07,x,18558.35860767194,v1.0
2016-11-15 13:06:33,x,18598.627662837556,v1.0
2016-11-15 13:07:17,x,18663.88782137941,v1.0
2016-11-15 13:09:39,x,18697.235946281475,v1.0
2016-11-15 13:09:51,x,18740.046880701477,v1.0
2016-11-15 13:12:48,x,18799.116880701473,v1.0
2016-11-15 13:13:02,x,18894.264284802775,v1.0
2016-11-15 13:13:23,x,18932.521199725208,v1.0
2016-11-15 13:14:30,x,18987.04538539994,v1.0
2016-11-15 13:15:04,x,19063.332073796497,v1.0
2016-11-15 13:15:08,x,19117.14283440459,v1.0
2016-11-15 13:15:25,x,19163.474313297385,v1.0
2016-11-15 13:15:29,x,19208.576934217002,v1.0
2016-11-15 13:17:33,x,19287.58373409513,v1.0
2016-11-15 13:18:37,x,19346.162056205852,v1.0
2016-11-15 13:19:51,x,19399.35395132186,v1.0
2016-11-15 13:21:19,x,19409.896310149517,v1.0
2016-11-15 13:21:28,x,19470.402441987204,v1.0
2016-11-15 13:21:36,x,19514.839951748327,v1.0
2016-11-15 13:21:58,x,19555.314374968893,v1.0
2016-11-15 13:22:03,x,19592.593896948056,v1.0
2016-11-15 13:22:56,x,19646.778109354233,v1.0
2016-11-15 13:23:10,x,19656.73835250063,v1.0
2016-11-15 13:23:27,x,19720.81369004501,v1.0
2016-11-15 13:24:15,x,19756.763690045016,v1.0
2016-11-15 13:24:37,x,19822.461493834966,v1.0
2016-11-15 13:24:57,x,19866.95554341984,v1.0
2016-11-15 13:25:05,x,19900.635384397836,v1.0
2016-11-15 13:25:09,x,19921.781416701597,v1.0
2016-11-15 13:25:52,x,19980.862845774976,v1.0
2016-11-15 13:26:18,x,20023.232264137867,v1.0
2016-11-15 13:28:27,x,20127.7375414111,v1.0
2016-11-15 13:28:40,y,19791.92221591966,v1.0
2016-11-15 13:28:46,x,19825.359096272554,v1.0
2016-11-15 13:29:03,x,19896.59111777131,v1.0
2016-11-15 13:29:24,x,19905.091117771302,v1.0
2016-11-15 13:29:51,x,19947.045867317225,v1.0
2016-11-15 13:30:10,x,19990.645867317224,v1.0
2016-11-15 13:30:20,x,20075.57315080135,v1.0
2016-11-15 13:30:40,x,20131.93969704426,v1.0
2016-11-15 13:30:45,x,20127.93913154999,v1.0
2016-11-15 13:31:39,y,19868.939131549985,v1.0
2016-11-15 13:31:44,x,19917.794131549992,v1.0
2016-11-15 13:32:27,x,19951.01564073192,v1.0
2016-11-15 13:32:37,x,19971.380006210326,v1.0
2016-11-15 13:32:54,x,20032.95380021668,v1.0
2016-11-15 13:33:00,x,20131.711540917113,v1.0
2016-11-15 13:33:45,x,20189.27587509911,v1.0
2016-11-15 13:33:52,x,20244.4578417295,v1.0
2016-11-15 13:36:16,x,20314.071611696847,v1.0
2016-11-15 13:36:50,x,20357.91018252487,v1.0
2016-11-15 13:38:07,x,20446.48058438828,v1.0
2016-11-15 13:39:54,x,20517.480584388286,v1.0
2016-11-15 13:40:07,x,20577.47593717255,v1.0
2016-11-15 13:41:24,x,20642.531994136953,v1.0
2016-11-15 13:41:43,x,20692.830167948927,v1.0
2016-11-15 13:42:17,x,20798.164756905502,v1.0
2016-11-15 13:42:58,x,20842.345736905496,v1.0
2016-11-15 13:44:15,x,20918.7932499778,v1.0
2016-11-15 13:44:54,x,20960.739067483642,v1.0
2016-11-15 13:45:13,x,21021.140303238906,v1.0
2016-11-15 13:45:22,x,21089.2021601191,v1.0
2016-11-15 13:46:24,x,21156.69533197608,v1.0
2016-11-15 13:48:39,x,21172.056444155813,v1.0
2016-11-15 13:48:46,x,21236.624483169864,v1.0
2016-11-15 13:49:29,x,21280.467493024422,v1.0
2016-11-15 13:51:36,x,21382.258193000733,v1.0
2016-11-15 13:51:53,x,21463.765304428827,v1.0
2016-11-15 13:52:44,x,21521.303082503713,v1.0
2016-11-15 13:52:59,x,21520.66208250371,v1.0
2016-11-15 13:53:03,x,21549.711860183714,v1.0
2016-11-15 13:53:13,x,21579.369712354895,v1.0
2016-11-15 13:55:54,x,21664.461779308967,v1.0
2016-11-15 13:56:02,x,21738.018847571144,v1.0
2016-11-15 13:56:15,x,21856.996001003587,v1.0
2016-11-15 13:58:23,x,21953.42543909278,v1.0
2016-11-15 13:58:31,x,21977.536279913158,v1.0
2016-11-15 13:59:30,x,22074.446982196947,v1.0
2016-11-15 14:01:33,x,22100.90430086572,v1.0
2016-11-15 14:02:22,x,22151.704300865713,v1.0
2016-11-15 14:04:04,x,22213.38824109881,v1.0
2016-11-15 14:04:11,x,22271.733665150707,v1.0
2016-11-15 14:04:49,x,22331.54454679742,v1.0
2016-11-15 14:05:14,x,22361.994546797418,v1.0
2016-11-15 14:06:49,x,22364.192128530125,v1.0
2016-11-15 14:07:05,x,22420.97192201216,v1.0
2016-11-15 14:07:42,x,22519.512364764956,v1.0
2016-11-15 14:07:50,x,22564.46803595713,v1.0
2016-11-15 14:08:45,x,22598.466537880162,v1.0
2016-11-15 14:08:53,y,22235.057611124823,v1.0
2016-11-15 14:09:10,x,22268.209575066358,v1.0
2016-11-15 14:09:23,x,22314.67867194345,v1.0
2016-11-15 14:09:40,x,22342.765439490835,v1.0
2016-11-15 14:10:04,x,22426.79353028347,v1.0
2016-11-15 14:10:22,x,22456.52393468374,v1.0
2016-11-15 14:10:27,x,22498.35162748968,v1.0
2016-11-15 14:10:38,x,22495.826909203064,v1.0
2016-11-15 14:10:44,x,22522.854811455218,v1.0
2016-11-15 14:11:50,x,22595.782564997266,v1.0
2016-11-15 14:12:09,x,22647.14104042838,v1.0
2016-11-15 14:12:15,x,22711.52601861623,v1.0
2016-11-15 14:12:27,x,22764.430921340983,v1.0
2016-11-15 14:12:56,x,22771.407226944513,v1.0
2016-11-15 14:15:49,x,22861.907226944502,v1.0
2016-11-15 14:15:54,x,22900.1874250446,v1.0
2016-11-15 14:16:16,x,22970.102787437896,v1.0
2016-11-15 14:16:46,x,23075.28075772447,v1.0
2016-11-15 14:17:16,x,23097.41513898589,v1.0
2016-11-15 14:19:54,x,23225.922520042637,v1.0
2016-11-15 14:20:14,x,23313.579237612157,v1.0
2016-11-15 14:20:40,x,23392.555045615685,v1.0
2016-11-15 14:20:47,x,23447.10178074744,v1.0
2016-11-15 14:21:26,x,23463.300617849178,v1.0
2016-11-15 14:21:31,x,23517.46565801413,v1.0
2016-11-15 14:21:38,x,23557.721867222677,v1.0
2016-11-15 14:23:19,x,23622.441367222666,v1.0
2016-11-15 14:23:41,x,23760.441367222673,v1.0
2016-11-15 14:23:51,x,23812.226548096347,v1.0
2016-11-15 14:24:05,x,23827.08665216932,v1.0
2016-11-15 14:24:29,x,23845.086652169313,v1.0
2016-11-15 14:25:23,x,23875.47730087057,v1.0
2016-11-15 14:25:47,x,23919.117112903514,v1.0
2016-11-15 14:26:47,x,23966.89448873113,v1.0
2016-11-15 14:26:54,x,23991.59412697597,v1.0
2016-11-15 14:28:12,x,24000.439557535978,v1.0
2016-11-15 14:56:36,x,24022.069231956335,v1.0
2016-11-15 14:57:01,y,23648.635938934673,v1.0
2016-11-15 14:58:00,x,23715.752926392397,v1.0
2016-11-15 14:58:34,x,23782.720719362314,v1.0
2016-11-15 14:58:41,x,23805.494813027974,v1.0
2016-11-15 14:58:55,x,23843.07640218398,v1.0
2016-11-15 14:59:17,x,23866.086438464474,v1.0
2016-11-15 14:59:24,y,23607.469679120437,v1.0
2016-11-15 14:59:30,x,23655.690387707284,v1.0
2016-11-15 15:01:22,x,23712.18902543545,v1.0
2016-11-15 15:02:01,x,23735.579167933287,v1.0
2016-11-15 15:02:31,x,23789.718105680142,v1.0
2016-11-15 15:02:43,x,23834.65836562418,v1.0
2016-11-15 15:04:51,x,23936.742231454453,v1.0
2016-11-15 15:05:05,x,23965.565213413316,v1.0
2016-11-15 15:06:00,x,24041.460771657687,v1.0
2016-11-15 15:06:17,x,24104.027247417143,v1.0
2016-11-15 15:07:36,x,24155.650848440473,v1.0
2016-11-15 15:07:48,x,24200.577054227506,v1.0
2016-11-15 15:08:03,x,24231.13993622751,v1.0
2016-11-15 15:08:07,x,24299.654575538956,v1.0
2016-11-15 15:08:20,x,24338.109403722476,v1.0
2016-11-15 15:09:14,x,24402.794753050446,v1.0
2016-11-15 15:09:25,x,24453.128306419134,v1.0
2016-11-15 15:10:49,x,24519.804296447426,v1.0
2016-11-15 15:11:04,x,24548.683793162912,v1.0
2016-11-15 15:11:21,x,24586.183793162905,v1.0
2016-11-15 15:11:39,x,24642.041812362564,v1.0
2016-11-15 15:14:32,x,24698.041154132698,v1.0
2016-11-15 15:14:57,x,24773.93842293104,v1.0
2016-11-15 15:15:04,x,24868.65761693652,v1.0
2016-11-15 15:15:51,x,24970.19759348546,v1.0
2016-11-15 15:16:06,x,25028.28455576074,v1.0
2016-11-15 15:16:31,x,25019.36715478973,v1.0
2016-11-15 15:16:50,x,25093.56383908882,v1.0
2016-11-15 15:17:52,x,25118.513970211396,v1.0
2016-11-15 15:18:32,x,25200.8690882217,v1.0
2016-11-15 15:19:02,x,25214.33651214427,v1.0
2016-11-15 15:21:10,x,25287.10611835354,v1.0
2016-11-15 15:21:23,x,25320.798763941893,v1.0
2016-11-15 15:21:55,x,25372.519863941892,v1.0
2016-11-15 15:23:16,x,25425.727764705694,v1.0
2016-11-15 15:24:06,x,25456.351145735207,v1.0
2016-11-15 15:46:05,x,25508.922266360983,v1.0
2016-11-15 15:47:27,x,25552.872066360986,v1.0
2016-11-15 15:48:58,x,25614.727066360985,v1.0
2016-11-15 15:49:40,x,25661.230997224968,v1.0
2016-11-15 15:50:31,x,25765.684535002558,v1.0
2016-11-15 15:50:58,x,25817.414829981455,v1.0
2016-11-15 15:51:36,x,25881.864829981456,v1.0
2016-11-15 15:52:07,x,25954.583091680495,v1.0
2016-11-15 15:52:13,x,25989.74317556948,v1.0
2016-11-15 15:52:25,x,26030.585408579696,v1.0
2016-11-15 15:52:31,x,26118.5854085797,v1.0
2016-11-15 15:52:45,x,26145.335758020723,v1.0
2016-11-15 15:53:13,x,26174.011072517653,v1.0
2016-11-15 15:53:24,x,26210.46107251765,v1.0
2016-11-15 15:54:28,x,26273.526053326666,v1.0
2016-11-15 15:55:15,x,26318.542045366754,v1.0
2016-11-15 15:55:31,x,26357.261545366757,v1.0
2016-11-15 15:55:53,y,26158.409328413985,v1.0
2016-11-15 15:56:03,x,26264.456333156497,v1.0
2016-11-15 15:56:16,x,26316.491441997397,v1.0
2016-11-15 15:56:42,x,26385.383746265656,v1.0
2016-11-15 15:57:01,x,26476.136820107084,v1.0
2016-11-15 15:58:26,x,26519.774664263583,v1.0
2016-11-15 15:59:10,x,26591.776664263583,v1.0
2016-11-15 16:02:27,x,26723.741140710397,v1.0
2016-11-15 16:02:35,x,26745.83427174729,v1.0
2016-11-15 16:03:04,x,26791.977773666393,v1.0
2016-11-15 16:03:16,x,26800.491755708026,v1.0
2016-11-15 16:03:36,x,26873.49175570803,v1.0
2016-11-15 16:03:48,x,26883.491755708026,v1.0
2016-11-15 16:05:44,x,26924.90433954551,v1.0
2016-11-15 16:07:03,x,26957.979833243568,v1.0
2016-11-15 16:07:21,x,26989.801158697297,v1.0
2016-11-15 16:07:53,x,27040.05042930486,v1.0
2016-11-15 16:08:19,x,27102.55042930486,v1.0
2016-11-15 16:09:49,x,27159.46075592869,v1.0
2016-11-15 16:10:13,x,27221.48398911391,v1.0
2016-11-15 16:10:20,x,27265.4048989806,v1.0
2016-11-15 16:10:51,x,27339.974242160813,v1.0
2016-11-15 16:11:51,x,27396.303061040842,v1.0
2016-11-15 16:12:37,x,27472.268738740055,v1.0
2016-11-15 16:14:15,x,27545.0167962598,v1.0
2016-11-15 16:15:05,x,27599.262733251817,v1.0
2016-11-15 16:15:45,x,27687.93407654464,v1.0
2016-11-15 16:15:51,x,27730.038285508177,v1.0
2016-11-15 16:16:43,x,27778.09914350465,v1.0
2016-11-15 16:17:04,x,27815.005553445248,v1.0
2016-11-15 16:17:37,x,27874.79506386697,v1.0
2016-11-15 16:18:09,x,27926.799836063805,v1.0
2016-11-15 16:18:25,x,27969.183653997006,v1.0
2016-11-15 16:18:33,x,28027.732643997006,v1.0
2016-11-15 16:18:42,x,28102.26455954185,v1.0
2016-11-15 16:20:43,x,28185.201784589703,v1.0
2016-11-15 16:21:31,x,28249.726149698516,v1.0
2016-11-15 16:21:38,x,28298.77433169851,v1.0
2016-11-15 16:22:39,x,28399.224331698515,v1.0
2016-11-15 16:23:30,x,28487.117834241577,v1.0
2016-11-15 16:23:41,y,28009.271986530344,v1.0
2016-11-15 16:24:16,x,28061.21401211923,v1.0
2016-11-15 16:24:34,x,28140.965068164922,v1.0
2016-11-15 16:25:10,x,28209.37815254597,v1.0
2016-11-15 16:30:10,x,28301.252597336534,v1.0
2016-11-15 16:30:27,x,28352.702597336538,v1.0
2016-11-15 16:30:37,x,28435.828174159902,v1.0
2016-11-15 16:30:50,x,28527.66528484733,v1.0
2016-11-15 16:31:25,x,28586.61468484732,v1.0
2016-11-15 16:32:08,x,28644.43342190721,v1.0
2016-11-15 16:32:23,x,28668.78824190721,v1.0
2016-11-15 16:32:51,x,28731.788241907212,v1.0
2016-11-15 16:33:48,x,28747.04881428265,v1.0
2016-11-15 16:34:14,x,28823.23567763655,v1.0
2016-11-15 16:35:12,x,28853.803854655052,v1.0
2016-11-15 16:35:41,x,28878.195609654987,v1.0
2016-11-15 16:35:50,x,28916.15696897164,v1.0
2016-11-15 16:36:19,x,28971.672192356637,v1.0
2016-11-15 16:36:49,x,29076.450893403126,v1.0
2016-11-15 16:36:57,x,29106.15172434497,v1.0
2016-11-15 16:37:08,x,29161.2592501981,v1.0
2016-11-15 16:37:30,x,29181.612011963174,v1.0
2016-11-15 16:37:54,x,29187.117942179244,v1.0
2016-11-15 16:38:00,x,29224.117942179244,v1.0
2016-11-15 16:38:14,x,29275.667492179244,v1.0
2016-11-15 16:38:24,x,29284.514632037826,v1.0
2016-11-15 16:38:51,y,28932.01923031595,v1.0
2016-11-15 16:39:55,x,29016.319230315952,v1.0
2016-11-15 16:40:03,x,29073.316588265083,v1.0
2016-11-15 16:41:02,x,29140.489518652354,v1.0
2016-11-15 16:41:40,x,29228.87007087728,v1.0
2016-11-15 16:41:47,x,29281.87296401406,v1.0
2016-11-15 16:44:16,x,29288.182530945774,v1.0
2016-11-15 16:46:50,x,29339.455239250292,v1.0
2016-11-15 16:48:36,x,29414.042102248386,v1.0
2016-11-15 16:50:10,x,29468.61958319745,v1.0
2016-11-15 16:50:24,x,29524.629983442705,v1.0
2016-11-15 16:50:49,x,29569.20323521048,v1.0
2016-11-15 16:51:08,x,29622.438138456106,v1.0
2016-11-15 16:51:29,x,29746.682613419413,v1.0
2016-11-15 16:51:37,x,29812.68261341941,v1.0
2016-11-15 16:51:51,x,29899.72587976119,v1.0
2016-11-15 16:52:10,x,29952.36392974589,v1.0
2016-11-15 16:52:49,x,30031.938174732128,v1.0
2016-11-15 16:52:57,x,30075.938174732124,v1.0
2016-11-15 16:53:22,x,30113.454995219734,v1.0
2016-11-15 16:54:17,x,30163.443496594944,v1.0
2016-11-15 16:54:23,x,30209.337851447108,v1.0
2016-11-15 16:54:39,x,30247.75587891408,v1.0
2016-11-15 16:54:52,y,29936.07930915448,v1.0
2016-11-15 16:55:18,y,29685.678896811114,v1.0
2016-11-15 16:55:52,x,29736.595185112445,v1.0
2016-11-15 16:56:02,x,29797.665185112444,v1.0
2016-11-15 16:56:10,x,29855.56320752,v1.0
2016-11-15 16:56:34,x,29919.89806475044,v1.0
2016-11-15 16:56:45,x,29922.699436257837,v1.0
2016-11-15 16:56:54,x,29989.97067061449,v1.0
2016-11-15 16:58:18,x,30046.73814447184,v1.0
2016-11-15 16:58:58,x,30093.955508007097,v1.0
2016-11-15 16:59:06,x,30194.15113518883,v1.0
2016-11-15 16:59:13,x,30253.350562588745,v1.0
2016-11-15 16:59:42,x,30287.301962588743,v1.0
2016-11-15 17:00:11,x,30322.458084312308,v1.0
2016-11-15 17:00:32,x,30388.57049195328,v1.0
2016-11-15 17:00:50,y,29949.625411318513,v1.0
2016-11-15 17:01:01,x,30043.654680105625,v1.0
2016-11-15 17:01:22,x,30093.154384950383,v1.0
2016-11-15 17:03:32,x,30132.99647595039,v1.0
2016-11-15 17:05:27,x,30243.44621031067,v1.0
2016-11-15 17:05:42,x,30331.30121031067,v1.0
2016-11-15 17:06:01,x,30406.801210310674,v1.0
2016-11-15 17:06:12,x,30470.78373122607,v1.0
2016-11-15 17:06:39,x,30537.21809545804,v1.0
2016-11-15 17:06:59,x,30563.965908241793,v1.0
2016-11-15 17:07:10,y,30379.98718778518,v1.0
2016-11-15 17:07:25,x,30394.297167431065,v1.0
2016-11-15 17:07:31,x,30488.002786175995,v1.0
2016-11-15 17:07:46,x,30546.63784304644,v1.0
2016-11-15 17:07:53,x,30565.067662445308,v1.0
2016-11-15 17:08:46,x,30631.817662445315,v1.0
2016-11-15 17:08:59,y,30240.61766244531,v1.0
2016-11-15 17:09:47,x,30297.758279897433,v1.0
2016-11-15 17:10:02,x,30340.329831080828,v1.0
2016-11-15 17:10:13,x,30386.684831080827,v1.0
2016-11-15 17:10:20,x,30451.199227145884,v1.0
2016-11-15 17:10:57,x,30531.330776379422,v1.0
2016-11-15 17:12:05,x,30543.957792248606,v1.0
2016-11-15 17:13:30,x,30544.920748707154,v1.0
2016-11-15 17:14:43,x,30562.318020460763,v1.0
2016-11-15 17:14:50,x,30569.73394705175,v1.0
2016-11-15 17:15:54,x,30649.361954743355,v1.0
2016-11-15 17:16:03,x,30653.33378637839,v1.0
2016-11-15 17:16:10,x,30691.709022218238,v1.0
2016-11-15 17:16:17,x,30735.870569128107,v1.0
2016-11-15 17:17:13,x,30785.531348074455,v1.0
2016-11-15 17:17:23,x,30789.60507576889,v1.0
2016-11-15 17:18:53,x,30853.04240405116,v1.0
2016-11-15 17:19:18,x,30896.042404051164,v1.0
2016-11-15 17:19:33,x,30928.385999505208,v1.0
2016-11-15 17:29:54,x,30968.933549505204,v1.0
2016-11-15 17:30:21,x,31039.276144505206,v1.0
2016-11-15 17:30:31,x,31095.232738305207,v1.0
2016-11-15 17:31:18,x,31105.231420147436,v1.0
2016-11-15 17:31:32,x,31190.490656056074,v1.0
2016-11-15 17:31:48,x,31227.555552779675,v1.0
2016-11-15 17:32:18,x,31258.23886509745,v1.0
2016-11-15 17:34:20,x,31327.853846183447,v1.0
2016-11-15 17:34:44,x,31382.93635580357,v1.0
2016-11-15 17:36:12,x,31462.43635580357,v1.0
2016-11-15 17:36:22,x,31469.753835910065,v1.0
2016-11-15 17:36:28,x,31489.99055328265,v1.0
2016-11-15 17:37:37,x,31531.985785298028,v1.0
2016-11-15 17:38:47,x,31573.550099580298,v1.0
2016-11-15 17:39:05,x,31653.578385594443,v1.0
2016-11-15 17:39:14,x,31725.238815595905,v1.0
2016-11-15 17:39:46,x,31817.26057999853,v1.0
2016-11-15 17:40:16,x,31890.7353154551,v1.0
2016-11-15 17:40:26,x,31938.633550723287,v1.0
2016-11-15 17:40:51,x,32000.491962464657,v1.0
2016-11-15 17:41:38,x,32053.81453303189,v1.0
2016-11-15 17:41:50,x,32075.814533031895,v1.0
2016-11-15 17:42:46,x,32148.813153264913,v1.0
2016-11-15 17:42:55,x,32203.538610677642,v1.0
2016-11-15 17:43:10,x,32236.357950830876,v1.0
2016-11-15 17:43:21,x,32283.685324786642,v1.0
2016-11-15 17:43:53,x,32306.139324786644,v1.0
2016-11-15 17:49:01,x,32375.843993528975,v1.0
2016-11-15 17:49:18,x,32446.34399352898,v1.0
2016-11-15 17:50:36,x,32503.171583464,v1.0
2016-11-15 17:51:13,x,32553.33481197483,v1.0
2016-11-15 17:52:19,x,32616.484811974824,v1.0
2016-11-15 17:52:26,x,32647.032086579762,v1.0
2016-11-15 17:52:50,x,32677.578322168432,v1.0
2016-11-15 17:54:30,x,32737.617174542735,v1.0
2016-11-15 17:54:39,x,32743.11717454273,v1.0
2016-11-15 17:55:24,x,32770.780933281305,v1.0
2016-11-15 17:56:05,x,32825.76590041816,v1.0
2016-11-15 17:56:19,x,32865.715900418174,v1.0
2016-11-15 17:56:27,x,32917.026198798965,v1.0
2016-11-15 17:56:34,y,32670.245536798964,v1.0
2016-11-15 17:57:55,x,32755.7327140282,v1.0
2016-11-15 17:58:08,x,32773.66918445138,v1.0
2016-11-15 17:58:19,x,32815.06200783224,v1.0
2016-11-15 17:59:59,x,32891.281307832236,v1.0
2016-11-15 18:00:24,x,32954.13484887501,v1.0
2016-11-15 18:02:22,x,33041.57248570904,v1.0
2016-11-15 18:02:29,x,33064.080368563074,v1.0
2016-11-15 18:06:43,x,41.5,v1.0
2016-11-15 18:06:50,x,-52.0,v1.0
2016-11-15 18:06:52,x,-54.0,v1.0
2016-11-15 18:06:57,x,-35.5,v1.0
2016-11-15 18:07:48,x,-60.5,v1.0
2016-11-15 18:09:22,x,-27.0,v1.0
2016-11-15 19:02:06,x,-28.5,v1.0
2016-11-15 19:05:17,x,-21.5,v1.0
2016-11-15 19:19:06,x,60.0,v1.0
2016-11-15 19:20:23,x,73.5,v1.0
2016-11-15 19:20:44,x,57.5,v1.0
2016-11-15 19:21:47,x,59.00799999999998,v1.0
2016-11-15 19:21:52,x,188.516,v1.0
2016-11-15 19:21:58,x,208.516,v1.0
2016-11-15 19:22:05,x,221.316,v1.0
2016-11-15 19:22:45,x,157.8616,v1.0
2016-11-15 19:22:52,x,200.3616,v1.0
2016-11-15 19:23:16,x,196.05759999999998,v1.0
2016-11-15 19:23:48,x,174.00799999999998,v1.0
2016-11-15 19:24:24,x,201.00799999999998,v1.0
2016-11-15 19:24:56,x,40.00800000000001,v1.0
2016-11-15 19:24:57,x,23.50800000000001,v1.0
2016-11-15 19:25:20,x,20.00799999999998,v1.0
2016-11-15 19:25:27,y,-502.9920000000001,v1.1
2016-11-15 19:25:41,x,-515.492,v1.0
2016-11-15 19:26:03,x,-461.7366400000001,v1.0
2016-11-15 19:27:00,x,-471.73664,v1.0
2016-11-15 19:27:01,x,-457.7366400000001,v1.0
2016-11-15 19:27:38,x,-486.18621888000007,v1.0
2016-11-15 19:27:45,x,-481.10639488000004,v1.0
2016-11-15 19:28:05,x,-494.60639488000004,v1.0
2016-11-15 19:28:21,x,-715.10639488,v1.0
2016-11-15 19:28:53,x,-686.083268544,v1.0
2016-11-15 19:29:04,x,-777.060142208,v1.0
2016-11-15 19:31:09,x,-753.060142208,v1.0
2016-11-15 19:31:30,x,-705.060142208,v1.0
2016-11-15 19:31:49,x,-756.4747632,v1.0
2016-11-15 19:33:20,x,-663.4747632,v1.0
2016-11-15 19:35:37,x,-637.6356368640002,v1.0
2016-11-15 19:35:59,x,-631.589384192,v1.0
2016-11-15 19:36:19,x,-595.589384192,v1.0
2016-11-15 19:36:39,x,-564.6675425919999,v1.0
2016-11-15 19:37:22,x,-598.167542592,v1.0
2016-11-15 19:37:26,x,-610.167542592,v1.0
2016-11-15 19:37:45,x,-646.1387288896001,v1.0
2016-11-15 19:39:18,x,-643.6387288896001,v1.0
2016-11-15 19:39:28,x,-682.2702577472,v1.0
2016-11-15 19:39:49,x,-638.7702577472,v1.0
2016-11-15 19:39:57,x,-646.7202577472,v1.0
2016-11-15 19:40:34,x,-698.7202577472,v1.0
2016-11-15 19:42:31,x,-642.4983701602304,v1.0
2016-11-15 19:43:32,x,-618.9840825732608,v1.0
2016-11-15 19:44:38,x,-701.5702722475008,v1.0
2016-11-15 19:45:24,x,-689.8534722475008,v1.0
2016-11-15 19:46:06,x,-670.208472247501,v1.0
2016-11-15 19:46:32,x,-719.0236048811009,v1.0
2016-11-15 19:48:05,x,-787.7431048811009,v1.0
2016-11-15 19:48:07,x,-835.2906548811009,v1.0
2016-11-15 19:48:13,x,-824.1334498811009,v1.0
2016-11-15 19:48:16,x,-821.2211676317556,v1.0
2016-11-15 19:49:22,x,-935.8296831317557,v1.0
2016-11-15 19:49:42,x,-967.3782538385717,v1.0
2016-11-15 19:49:56,x,-976.3587567476809,v1.0
2016-11-15 19:51:05,x,-1041.858756747681,v1.0
